,donor,recipient,score,clinical_response
0,D-10,59,0.6010708807874138,responder
1,D-10,56,0.4434637378547327,non-responder
2,D-12,70,0.5215065802187753,responder
3,D-12,71,0.570506465942272,non-responder
4,D-13U,77,0.7808317994933368,responder
5,D-13U,78,0.7201398836648926,responder
6,D-13U,75,0.7452756894230025,non-responder
7,D-14,90,0.458989829896315,responder
8,D-15Fryst,89,0.46953196540490805,responder
9,D-15Fryst,88,0.45745287707673254,responder
10,D-2,12,0.8754520302798369,non-responder
11,D-2,11,0.7208292024151172,responder
12,D-3,19,0.4571576548783993,responder
13,D-3,16,0.4547327463115469,responder
14,D-3,22,0.7104369643284124,non-responder
15,D-4,23,0.6381466805083923,non-responder
16,D-4,31,0.6817701262532577,responder
17,D-5Fryst,37,0.6360341003286959,responder
18,D-6Fresk,25,0.587006611748205,responder
19,D-6Fresk,24,0.5223474974422792,responder
20,D-6Fresk,33,0.46008051416758555,responder
21,D-6Fresk,30,0.5349749954230214,responder
22,D-7Fryst,32,0.7067057482307398,non-responder
23,D-7Fryst,36,0.6798290953942705,responder
24,D-7Fryst,18,0.906395720554778,non-responder
25,D-9Fryst,54,0.5338401211969297,responder
